sku,category_id,name,description,price,brand,spec_json
SKU00001,27,Pintura Ad,Repellat eveniet natus blanditiis tempora ea doloremque ipsum nobis nesciunt distinctio excepturi voluptatum.,8.67,Bahco,"{""rosca"": ""Métrica"", ""material"": ""Aluminio"", ""recubrimiento"": ""Sin recubrimiento"", ""peso_gramos"": 4142}"
SKU00002,25,Adhesivo Ducimus,Sunt porro accusantium velit repellat quod ipsa animi porro corrupti nam consectetur et neque atque laboriosam.,36.04,Einhell,"{""rosca"": ""Métrica"", ""material"": ""Acero"", ""recubrimiento"": ""Galvanizado"", ""peso_gramos"": 3668}"
SKU00003,14,Taladro Dignissimos,Facere totam quasi corporis adipisci placeat ad veritatis repellat quo nihil possimus consequuntur quod.,84.02,Stanley,"{""rosca"": ""Trapezoidal"", ""material"": ""Acero"", ""recubrimiento"": ""Zincado"", ""peso_gramos"": 4660}"
SKU00004,8,Pintura Cum,Repellendus illo error enim aspernatur sunt accusantium distinctio voluptatibus hic voluptates reprehenderit deserunt.,129.34,DeWalt,"{""rosca"": ""UNF"", ""material"": ""Latón"", ""recubrimiento"": ""Zincado"", ""peso_gramos"": 2169}"
SKU00005,19,Amoladora Accusantium,Laborum accusamus aspernatur excepturi voluptatem id saepe distinctio enim totam.,185.69,DeWalt,"{""rosca"": ""UNC"", ""material"": ""Plástico reforzado"", ""recubrimiento"": ""Sin recubrimiento"", ""peso_gramos"": 3445}"
SKU00006,19,Llave Ipsam,Placeat minima ducimus reiciendis culpa ducimus fugiat cumque perspiciatis adipisci sit esse eos nostrum amet.,132.72,Einhell,"{""rosca"": ""UNF"", ""material"": ""Latón"", ""recubrimiento"": ""Pavonado"", ""peso_gramos"": 2878}"
SKU00007,11,Tornillo Fugiat,Nobis rerum labore repellat fugiat sunt accusamus provident explicabo unde.,228.53,Stanley,"{""rosca"": ""Trapezoidal"", ""material"": ""Plástico reforzado"", ""recubrimiento"": ""Zincado"", ""peso_gramos"": 4980}"
SKU00008,5,Amoladora Occaecati,Rem magnam nostrum optio atque veniam unde a possimus aliquid distinctio numquam modi.,227.84,Einhell,"{""rosca"": ""UNF"", ""material"": ""Aluminio"", ""recubrimiento"": ""Zincado"", ""peso_gramos"": 4069}"
SKU00009,13,Adhesivo Culpa,Nostrum unde soluta nostrum voluptas nobis sint quia fugiat perferendis quas iste eaque.,117.88,Bosch,"{""rosca"": ""Trapezoidal"", ""material"": ""Acero"", ""recubrimiento"": ""Galvanizado"", ""peso_gramos"": 3574}"
SKU00010,15,Amoladora Vitae,Molestias iusto cumque quaerat tempora optio rem atque nulla atque ad id doloremque commodi provident autem.,151.39,Einhell,"{""rosca"": ""Trapezoidal"", ""material"": ""Acero"", ""recubrimiento"": ""Galvanizado"", ""peso_gramos"": 4101}"
SKU00011,9,Llave Amet,Blanditiis soluta voluptates dolorem explicabo dolor assumenda ipsam.,149.04,Bosch,"{""rosca"": ""Métrica"", ""material"": ""Aluminio"", ""recubrimiento"": ""Pavonado"", ""peso_gramos"": 4478}"
SKU00012,10,Llave Sed,Asperiores quia voluptatem consectetur cum totam quas accusantium explicabo laudantium sequi unde autem quas officia.,117.28,Facom,"{""rosca"": ""Trapezoidal"", ""material"": ""Plástico reforzado"", ""recubrimiento"": ""Sin recubrimiento"", ""peso_gramos"": 4308}"
SKU00013,3,Adhesivo Quam,Iusto minus vel aperiam eveniet asperiores corrupti ducimus molestias quis veritatis ratione fugiat.,23.87,Makita,"{""rosca"": ""Trapezoidal"", ""material"": ""Plástico reforzado"", ""recubrimiento"": ""Sin recubrimiento"", ""peso_gramos"": 2410}"
SKU00014,1,Pintura Odio,Officiis quasi facilis sed voluptate tempora consequatur quia iure corporis soluta recusandae.,96.66,Bahco,"{""rosca"": ""Whitworth"", ""material"": ""Aluminio"", ""recubrimiento"": ""Galvanizado"", ""peso_gramos"": 2418}"
SKU00015,4,Llave Nisi,Laudantium sed voluptas qui numquam modi architecto doloribus.,152.69,Bosch,"{""rosca"": ""UNC"", ""material"": ""Acero"", ""recubrimiento"": ""Pavonado"", ""peso_gramos"": 2760}"
SKU00016,1,Tornillo Qui,Adipisci dignissimos mollitia repudiandae libero odit enim laborum voluptate mollitia quaerat maxime adipisci ducimus doloremque.,159.57,Einhell,"{""rosca"": ""UNF"", ""material"": ""Latón"", ""recubrimiento"": ""Zincado"", ""peso_gramos"": 3094}"
SKU00017,4,Adhesivo Consequatur,Harum illo rerum at aut hic nisi dolores repudiandae voluptates.,157.41,Makita,"{""rosca"": ""UNC"", ""material"": ""Latón"", ""recubrimiento"": ""Pavonado"", ""peso_gramos"": 1709}"
SKU00018,9,Llave Illo,Error totam deserunt rem eum corporis optio assumenda cupiditate eveniet.,173.75,Einhell,"{""rosca"": ""Métrica"", ""material"": ""Aluminio"", ""recubrimiento"": ""Zincado"", ""peso_gramos"": 2367}"
SKU00019,25,Amoladora In,Molestiae quae sequi molestias ab nihil at.,151.32,Makita,"{""rosca"": ""Whitworth"", ""material"": ""Plástico reforzado"", ""recubrimiento"": ""Galvanizado"", ""peso_gramos"": 581}"
SKU00020,28,Guante Modi,Blanditiis error rem at esse sunt est dicta necessitatibus nobis ex deserunt excepturi.,241.23,Bosch,"{""rosca"": ""UNC"", ""material"": ""Latón"", ""recubrimiento"": ""Pavonado"", ""peso_gramos"": 3207}"
SKU00021,32,Adhesivo Sit,Repudiandae possimus itaque at molestiae tenetur id exercitationem voluptas cumque distinctio.,169.86,Bosch,"{""rosca"": ""Métrica"", ""material"": ""Aluminio"", ""recubrimiento"": ""Pavonado"", ""peso_gramos"": 2286}"
SKU00022,13,Adhesivo Hic,Natus repudiandae illum nostrum quod velit cupiditate sed necessitatibus voluptatem.,58.41,Stanley,"{""rosca"": ""Trapezoidal"", ""material"": ""Aluminio"", ""recubrimiento"": ""Galvanizado"", ""peso_gramos"": 3779}"
SKU00023,20,Guante Debitis,Atque ducimus iste error numquam deserunt non fugiat numquam eum architecto incidunt nam voluptas dolorem.,222.06,Stanley,"{""rosca"": ""UNF"", ""material"": ""Titanio"", ""recubrimiento"": ""Zincado"", ""peso_gramos"": 4113}"
SKU00024,23,Tornillo Alias,Atque quo ipsa laboriosam libero provident odio voluptatibus facere expedita temporibus eveniet nemo minus enim.,196.47,Makita,"{""rosca"": ""UNF"", ""material"": ""Latón"", ""recubrimiento"": ""Sin recubrimiento"", ""peso_gramos"": 648}"
SKU00025,18,Guante Numquam,Optio sunt quaerat dolore iusto non accusantium velit quia.,123.98,Makita,"{""rosca"": ""Métrica"", ""material"": ""Acero"", ""recubrimiento"": ""Pavonado"", ""peso_gramos"": 3278}"
SKU00026,32,Amoladora Quia,Maiores nesciunt quos non quasi magni necessitatibus qui temporibus.,29.31,Bosch,"{""rosca"": ""Whitworth"", ""material"": ""Aluminio"", ""recubrimiento"": ""Zincado"", ""peso_gramos"": 2586}"
SKU00027,9,Amoladora Id,Quos ab distinctio pariatur voluptatum vel aliquam delectus esse sint eos commodi amet quia minus.,146.2,Facom,"{""rosca"": ""Whitworth"", ""material"": ""Plástico reforzado"", ""recubrimiento"": ""Pavonado"", ""peso_gramos"": 4836}"
SKU00028,15,Taladro Sapiente,Voluptatibus sunt libero a a laborum dolorum praesentium dolorem nulla iusto magnam.,47.35,Bosch,"{""rosca"": ""UNF"", ""material"": ""Acero"", ""recubrimiento"": ""Sin recubrimiento"", ""peso_gramos"": 2201}"
SKU00029,9,Guante Maiores,Porro totam tempora voluptatem fuga atque dolor illum nisi minus pariatur.,3.47,Bahco,"{""rosca"": ""UNC"", ""material"": ""Plástico reforzado"", ""recubrimiento"": ""Galvanizado"", ""peso_gramos"": 675}"
SKU00030,29,Taladro Expedita,Voluptatum ea soluta assumenda doloremque dolore architecto dolores.,217.88,Makita,"{""rosca"": ""Métrica"", ""material"": ""Titanio"", ""recubrimiento"": ""Pavonado"", ""peso_gramos"": 2646}"
SKU00031,11,Adhesivo Earum,Aut vitae et nesciunt provident repellat dignissimos nesciunt.,98.69,Facom,"{""rosca"": ""Métrica"", ""material"": ""Latón"", ""recubrimiento"": ""Pavonado"", ""peso_gramos"": 838}"
SKU00032,11,Tornillo Quibusdam,Doloremque voluptatum aliquid explicabo cupiditate commodi cum dolorum ratione temporibus molestiae adipisci.,99.42,Bosch,"{""rosca"": ""UNC"", ""material"": ""Plástico reforzado"", ""recubrimiento"": ""Galvanizado"", ""peso_gramos"": 810}"
SKU00033,7,Adhesivo Commodi,Incidunt quidem soluta cumque quisquam eos magnam fuga culpa numquam nihil cupiditate rem magnam.,163.48,Facom,"{""rosca"": ""UNC"", ""material"": ""Plástico reforzado"", ""recubrimiento"": ""Sin recubrimiento"", ""peso_gramos"": 725}"
SKU00034,14,Pintura A,Accusamus aspernatur fuga voluptate assumenda vero beatae tempora similique dolorum optio earum veritatis.,59.83,DeWalt,"{""rosca"": ""Whitworth"", ""material"": ""Titanio"", ""recubrimiento"": ""Zincado"", ""peso_gramos"": 517}"
SKU00035,5,Llave Assumenda,Exercitationem explicabo quibusdam ipsam aut debitis vitae nobis fugiat ut itaque tempora quo fuga.,157.15,Facom,"{""rosca"": ""UNC"", ""material"": ""Titanio"", ""recubrimiento"": ""Sin recubrimiento"", ""peso_gramos"": 4168}"
SKU00036,12,Pintura Culpa,Amet repudiandae exercitationem eligendi libero enim iste.,190.08,Einhell,"{""rosca"": ""UNF"", ""material"": ""Acero"", ""recubrimiento"": ""Pavonado"", ""peso_gramos"": 3090}"
SKU00037,32,Taladro Incidunt,Tempore nobis mollitia esse aperiam beatae quod atque molestiae illo.,125.23,Facom,"{""rosca"": ""Trapezoidal"", ""material"": ""Titanio"", ""recubrimiento"": ""Galvanizado"", ""peso_gramos"": 3566}"
SKU00038,31,Adhesivo Sed,Voluptatem labore provident facilis excepturi labore molestiae sequi temporibus consequatur.,189.1,Stanley,"{""rosca"": ""Trapezoidal"", ""material"": ""Plástico reforzado"", ""recubrimiento"": ""Pavonado"", ""peso_gramos"": 2587}"
SKU00039,16,Llave Exercitationem,Numquam vero odio pariatur asperiores velit earum nesciunt at dignissimos asperiores repellendus quia ipsum veniam eaque.,72.54,Einhell,"{""rosca"": ""Whitworth"", ""material"": ""Latón"", ""recubrimiento"": ""Sin recubrimiento"", ""peso_gramos"": 1914}"
SKU00040,28,Guante Impedit,Tempora reprehenderit saepe odio minus nemo nobis ipsum accusamus perspiciatis delectus officiis esse.,206.37,Hilti,"{""rosca"": ""UNC"", ""material"": ""Acero"", ""recubrimiento"": ""Sin recubrimiento"", ""peso_gramos"": 3044}"
SKU00041,26,Adhesivo Nesciunt,Magnam impedit cumque impedit vel vitae totam tempora dolores totam eaque.,161.69,Makita,"{""rosca"": ""UNC"", ""material"": ""Latón"", ""recubrimiento"": ""Sin recubrimiento"", ""peso_gramos"": 3490}"
SKU00042,19,Amoladora Iusto,Dolores reprehenderit facilis ab amet optio ab molestiae sed tempora assumenda nobis ducimus tempore fuga voluptatem.,205.55,Einhell,"{""rosca"": ""UNC"", ""material"": ""Titanio"", ""recubrimiento"": ""Zincado"", ""peso_gramos"": 3660}"
SKU00043,2,Taladro Quisquam,Consequuntur sed dolorum sapiente dignissimos ipsam optio reprehenderit.,46.46,Einhell,"{""rosca"": ""Trapezoidal"", ""material"": ""Aluminio"", ""recubrimiento"": ""Sin recubrimiento"", ""peso_gramos"": 2442}"
SKU00044,17,Pintura Quibusdam,Aliquam animi delectus vero dolorem libero ducimus itaque ad beatae nulla voluptates consectetur.,84.79,DeWalt,"{""rosca"": ""Trapezoidal"", ""material"": ""Plástico reforzado"", ""recubrimiento"": ""Pavonado"", ""peso_gramos"": 3041}"
SKU00045,14,Taladro Eum,Accusantium aspernatur laudantium esse quia at aut.,16.32,Bahco,"{""rosca"": ""UNC"", ""material"": ""Latón"", ""recubrimiento"": ""Zincado"", ""peso_gramos"": 674}"
SKU00046,26,Adhesivo Sed,Quod earum expedita expedita corporis excepturi quas quidem ipsa veritatis voluptatem voluptate.,166.44,Hilti,"{""rosca"": ""UNF"", ""material"": ""Plástico reforzado"", ""recubrimiento"": ""Galvanizado"", ""peso_gramos"": 2203}"
SKU00047,18,Amoladora Libero,Quidem eaque exercitationem consectetur libero consequatur doloribus hic harum molestiae sapiente beatae.,248.09,Bosch,"{""rosca"": ""Whitworth"", ""material"": ""Titanio"", ""recubrimiento"": ""Galvanizado"", ""peso_gramos"": 1288}"
SKU00048,21,Adhesivo Atque,Odio commodi quas fugit neque cumque harum aliquid error dignissimos consequuntur.,88.54,DeWalt,"{""rosca"": ""Whitworth"", ""material"": ""Aluminio"", ""recubrimiento"": ""Sin recubrimiento"", ""peso_gramos"": 3873}"
SKU00049,8,Tornillo Ipsum,Veniam rem neque tenetur corrupti dolore fugiat voluptatem asperiores cum quos culpa temporibus error.,176.32,Makita,"{""rosca"": ""Métrica"", ""material"": ""Plástico reforzado"", ""recubrimiento"": ""Galvanizado"", ""peso_gramos"": 3954}"
SKU00050,19,Adhesivo Ea,Quaerat corporis id nihil quo deleniti rem ex expedita quae.,115.47,Einhell,"{""rosca"": ""Trapezoidal"", ""material"": ""Aluminio"", ""recubrimiento"": ""Galvanizado"", ""peso_gramos"": 466}"
SKU00051,28,Llave Aliquam,Voluptate dolorem illo nihil delectus vitae maiores.,68.67,Facom,"{""rosca"": ""UNF"", ""material"": ""Plástico reforzado"", ""recubrimiento"": ""Sin recubrimiento"", ""peso_gramos"": 4874}"
SKU00052,3,Llave Mollitia,Neque iste neque porro praesentium culpa accusantium officia ullam blanditiis illo dolores numquam assumenda.,165.42,Einhell,"{""rosca"": ""Trapezoidal"", ""material"": ""Titanio"", ""recubrimiento"": ""Pavonado"", ""peso_gramos"": 4797}"
SKU00053,23,Amoladora Sequi,Atque aut laudantium omnis sit harum voluptates sit nisi deleniti.,76.4,Hilti,"{""rosca"": ""Whitworth"", ""material"": ""Acero"", ""recubrimiento"": ""Zincado"", ""peso_gramos"": 1657}"
SKU00054,5,Guante Provident,Voluptatum tempore veniam excepturi porro odio tempore et soluta voluptas.,113.85,Bahco,"{""rosca"": ""Métrica"", ""material"": ""Aluminio"", ""recubrimiento"": ""Pavonado"", ""peso_gramos"": 1526}"
SKU00055,3,Taladro Dolore,Vitae vero consectetur repellendus recusandae nihil eveniet officia perspiciatis recusandae tenetur rem animi tempore quia aliquid.,156.87,Einhell,"{""rosca"": ""Métrica"", ""material"": ""Acero"", ""recubrimiento"": ""Pavonado"", ""peso_gramos"": 2339}"
SKU00056,28,Adhesivo Eum,Cupiditate aspernatur quam quia iure deserunt quos nulla eligendi occaecati iste ea est debitis itaque.,193.64,Facom,"{""rosca"": ""Trapezoidal"", ""material"": ""Plástico reforzado"", ""recubrimiento"": ""Pavonado"", ""peso_gramos"": 287}"
SKU00057,23,Tornillo Maiores,Eius incidunt tempore harum corporis ut veniam quo tenetur reiciendis sint ad eos.,220.86,Stanley,"{""rosca"": ""Whitworth"", ""material"": ""Acero"", ""recubrimiento"": ""Zincado"", ""peso_gramos"": 1099}"
SKU00058,5,Amoladora Sunt,Corrupti unde numquam a dolor est quisquam.,216.59,DeWalt,"{""rosca"": ""UNF"", ""material"": ""Plástico reforzado"", ""recubrimiento"": ""Sin recubrimiento"", ""peso_gramos"": 3687}"
SKU00059,9,Tornillo Assumenda,Quibusdam culpa ex provident architecto enim soluta et placeat id vitae officia occaecati.,101.05,Facom,"{""rosca"": ""Whitworth"", ""material"": ""Latón"", ""recubrimiento"": ""Sin recubrimiento"", ""peso_gramos"": 753}"
SKU00060,15,Amoladora Provident,Exercitationem voluptates voluptates maxime provident ducimus ullam voluptatibus adipisci sint quibusdam esse minima.,229.45,Makita,"{""rosca"": ""UNC"", ""material"": ""Titanio"", ""recubrimiento"": ""Galvanizado"", ""peso_gramos"": 121}"
SKU00061,27,Guante Impedit,Et reiciendis odio et debitis consequatur commodi illo aspernatur molestias illum quis adipisci facilis rerum.,76.43,Bahco,"{""rosca"": ""UNC"", ""material"": ""Titanio"", ""recubrimiento"": ""Pavonado"", ""peso_gramos"": 2562}"
SKU00062,2,Llave Itaque,Voluptates reiciendis magni recusandae temporibus ex autem vero quos illo nam facilis illum ipsam officiis.,109.24,DeWalt,"{""rosca"": ""Whitworth"", ""material"": ""Aluminio"", ""recubrimiento"": ""Sin recubrimiento"", ""peso_gramos"": 2879}"
SKU00063,7,Pintura Nemo,Vel saepe corporis corrupti minima expedita ab veniam rem inventore.,137.46,Hilti,"{""rosca"": ""Métrica"", ""material"": ""Plástico reforzado"", ""recubrimiento"": ""Galvanizado"", ""peso_gramos"": 1297}"
SKU00064,1,Tornillo Quod,Porro voluptatem ad veritatis molestiae laboriosam placeat nihil odit eius omnis occaecati eius vel a quos.,35.93,Hilti,"{""rosca"": ""UNC"", ""material"": ""Aluminio"", ""recubrimiento"": ""Pavonado"", ""peso_gramos"": 4807}"
SKU00065,9,Llave Commodi,Porro neque dolorum facere laborum voluptatem eligendi rem aperiam.,107.61,Bahco,"{""rosca"": ""Whitworth"", ""material"": ""Titanio"", ""recubrimiento"": ""Sin recubrimiento"", ""peso_gramos"": 2883}"
SKU00066,21,Pintura Perspiciatis,Neque minus at illo temporibus similique maxime itaque odit illo illo eaque officiis.,52.6,Facom,"{""rosca"": ""UNC"", ""material"": ""Acero"", ""recubrimiento"": ""Zincado"", ""peso_gramos"": 1759}"
SKU00067,26,Llave Delectus,Nesciunt nihil distinctio at quas impedit quidem error accusamus atque inventore qui explicabo veniam blanditiis porro.,234.35,DeWalt,"{""rosca"": ""Trapezoidal"", ""material"": ""Acero"", ""recubrimiento"": ""Pavonado"", ""peso_gramos"": 492}"
SKU00068,31,Guante Maiores,Facere optio laboriosam maiores exercitationem debitis veritatis similique dolor.,170.48,Makita,"{""rosca"": ""Whitworth"", ""material"": ""Titanio"", ""recubrimiento"": ""Pavonado"", ""peso_gramos"": 2681}"
SKU00069,12,Llave Accusantium,Officia aperiam natus quae distinctio laboriosam quaerat maiores sed possimus dolore ad dignissimos nisi.,51.35,Bosch,"{""rosca"": ""UNF"", ""material"": ""Plástico reforzado"", ""recubrimiento"": ""Galvanizado"", ""peso_gramos"": 1729}"
SKU00070,18,Taladro Nostrum,Expedita ex sit ea illum cumque excepturi occaecati corrupti.,121.53,Stanley,"{""rosca"": ""UNF"", ""material"": ""Aluminio"", ""recubrimiento"": ""Sin recubrimiento"", ""peso_gramos"": 3194}"
SKU00071,11,Adhesivo Numquam,Error impedit ipsum deserunt explicabo nobis perspiciatis odio sapiente adipisci in ad commodi quaerat.,118.05,Bahco,"{""rosca"": ""UNC"", ""material"": ""Acero"", ""recubrimiento"": ""Pavonado"", ""peso_gramos"": 3463}"
SKU00072,15,Pintura Possimus,Atque reiciendis corporis ipsam veritatis porro maxime molestias commodi ipsam eos dolorem.,61.37,Makita,"{""rosca"": ""Whitworth"", ""material"": ""Aluminio"", ""recubrimiento"": ""Sin recubrimiento"", ""peso_gramos"": 750}"
SKU00073,8,Taladro Ex,Voluptate odit error animi animi et et amet nobis sunt facilis harum nostrum ab.,106.69,Bosch,"{""rosca"": ""Whitworth"", ""material"": ""Titanio"", ""recubrimiento"": ""Pavonado"", ""peso_gramos"": 1407}"
SKU00074,31,Amoladora Neque,Suscipit eius praesentium voluptatem quaerat accusantium architecto beatae voluptatem reprehenderit sapiente unde harum soluta mollitia.,12.78,Bahco,"{""rosca"": ""UNF"", ""material"": ""Acero"", ""recubrimiento"": ""Pavonado"", ""peso_gramos"": 983}"
SKU00075,23,Llave Minima,Tenetur libero est necessitatibus repellendus dignissimos sed soluta nam molestias quo aut iste beatae esse quibusdam.,225.79,Makita,"{""rosca"": ""UNF"", ""material"": ""Plástico reforzado"", ""recubrimiento"": ""Pavonado"", ""peso_gramos"": 4218}"
SKU00076,28,Amoladora Minima,Dolorum tempora numquam reprehenderit iste quis quas maxime odio rerum ratione necessitatibus.,41.14,Facom,"{""rosca"": ""UNC"", ""material"": ""Latón"", ""recubrimiento"": ""Galvanizado"", ""peso_gramos"": 430}"
SKU00077,24,Taladro Facilis,Quo harum quisquam quod autem aut quo eum ad similique perferendis voluptas quo.,33.61,Bosch,"{""rosca"": ""UNC"", ""material"": ""Plástico reforzado"", ""recubrimiento"": ""Galvanizado"", ""peso_gramos"": 2712}"
SKU00078,25,Amoladora A,Exercitationem ea quibusdam ea ipsum neque qui harum soluta.,210.3,Bahco,"{""rosca"": ""UNF"", ""material"": ""Latón"", ""recubrimiento"": ""Pavonado"", ""peso_gramos"": 2538}"
SKU00079,21,Taladro Omnis,Mollitia numquam totam ex ratione ipsum hic voluptatibus animi.,87.94,Bahco,"{""rosca"": ""Trapezoidal"", ""material"": ""Aluminio"", ""recubrimiento"": ""Zincado"", ""peso_gramos"": 3332}"
SKU00080,12,Adhesivo Consequuntur,Blanditiis animi deserunt magni vitae culpa quae ipsum doloremque.,215.16,Einhell,"{""rosca"": ""UNC"", ""material"": ""Latón"", ""recubrimiento"": ""Pavonado"", ""peso_gramos"": 3737}"
SKU00081,17,Guante Eos,Cumque assumenda magnam at enim impedit sapiente neque exercitationem doloribus quo tempore.,36.28,Facom,"{""rosca"": ""Whitworth"", ""material"": ""Plástico reforzado"", ""recubrimiento"": ""Galvanizado"", ""peso_gramos"": 1808}"
SKU00082,23,Adhesivo Molestias,Quasi id eius ipsa nostrum molestiae architecto voluptate ab dignissimos reprehenderit.,56.72,Facom,"{""rosca"": ""Métrica"", ""material"": ""Latón"", ""recubrimiento"": ""Zincado"", ""peso_gramos"": 2429}"
SKU00083,32,Taladro Animi,Sint corporis facere eligendi deleniti quibusdam perspiciatis optio sint totam voluptate reiciendis illo facilis.,103.14,Facom,"{""rosca"": ""Trapezoidal"", ""material"": ""Titanio"", ""recubrimiento"": ""Sin recubrimiento"", ""peso_gramos"": 1794}"
SKU00084,15,Taladro Iure,Porro dolore repellendus quaerat blanditiis expedita ducimus ipsam possimus maiores in molestias adipisci occaecati.,96.51,Bosch,"{""rosca"": ""UNF"", ""material"": ""Acero"", ""recubrimiento"": ""Galvanizado"", ""peso_gramos"": 2582}"
SKU00085,2,Guante Consectetur,Reprehenderit itaque ex animi aut quam repellendus cum quae.,34.25,Einhell,"{""rosca"": ""Trapezoidal"", ""material"": ""Titanio"", ""recubrimiento"": ""Zincado"", ""peso_gramos"": 2892}"
SKU00086,12,Tornillo Explicabo,Alias esse expedita non voluptatibus error beatae molestias ullam dolorem mollitia.,143.08,Makita,"{""rosca"": ""UNF"", ""material"": ""Aluminio"", ""recubrimiento"": ""Galvanizado"", ""peso_gramos"": 1731}"
SKU00087,14,Adhesivo Nobis,Asperiores quasi aliquam tenetur vero dolorem maxime adipisci perferendis labore ad eligendi.,202.97,Makita,"{""rosca"": ""Whitworth"", ""material"": ""Plástico reforzado"", ""recubrimiento"": ""Zincado"", ""peso_gramos"": 4256}"
SKU00088,19,Llave Quasi,Repellendus nulla eveniet eum libero incidunt sit possimus consequatur quidem accusantium dignissimos soluta officia modi.,46.74,Stanley,"{""rosca"": ""Whitworth"", ""material"": ""Latón"", ""recubrimiento"": ""Zincado"", ""peso_gramos"": 2567}"
SKU00089,4,Llave Libero,Velit soluta deleniti occaecati fugiat earum sapiente quis debitis inventore veritatis molestias amet maxime ad dolorum.,93.02,Bosch,"{""rosca"": ""Whitworth"", ""material"": ""Titanio"", ""recubrimiento"": ""Pavonado"", ""peso_gramos"": 1611}"
SKU00090,1,Adhesivo Maiores,Libero delectus odio perspiciatis aliquam mollitia tenetur.,71.15,Stanley,"{""rosca"": ""UNF"", ""material"": ""Aluminio"", ""recubrimiento"": ""Pavonado"", ""peso_gramos"": 2816}"
SKU00091,15,Taladro Ipsum,Totam sunt porro ut molestiae soluta iure dolorum eveniet porro aliquam.,249.87,Hilti,"{""rosca"": ""Métrica"", ""material"": ""Aluminio"", ""recubrimiento"": ""Pavonado"", ""peso_gramos"": 1820}"
SKU00092,28,Llave Numquam,Atque blanditiis odio ratione iusto perspiciatis ut esse incidunt sint laudantium.,97.87,Facom,"{""rosca"": ""Whitworth"", ""material"": ""Latón"", ""recubrimiento"": ""Sin recubrimiento"", ""peso_gramos"": 2813}"
SKU00093,7,Pintura Et,Molestias sequi odit corporis doloribus ullam illo ullam.,193.7,Bahco,"{""rosca"": ""Trapezoidal"", ""material"": ""Aluminio"", ""recubrimiento"": ""Pavonado"", ""peso_gramos"": 768}"
SKU00094,10,Guante Facilis,Cumque consequuntur laudantium reiciendis hic fugit hic magnam eum reiciendis itaque laboriosam placeat.,155.64,Facom,"{""rosca"": ""Whitworth"", ""material"": ""Plástico reforzado"", ""recubrimiento"": ""Pavonado"", ""peso_gramos"": 2042}"
SKU00095,30,Tornillo Eum,Rerum eligendi cumque amet pariatur error blanditiis iste quisquam cumque repellendus.,16.13,Bosch,"{""rosca"": ""Whitworth"", ""material"": ""Latón"", ""recubrimiento"": ""Pavonado"", ""peso_gramos"": 3778}"
SKU00096,9,Guante Porro,Ea fugit quibusdam perferendis nemo provident perferendis possimus maxime inventore corporis similique ab repellat.,201.0,Facom,"{""rosca"": ""UNC"", ""material"": ""Aluminio"", ""recubrimiento"": ""Zincado"", ""peso_gramos"": 1673}"
SKU00097,3,Tornillo Earum,Explicabo accusamus reprehenderit eum ab natus tempore accusantium nisi.,91.03,Facom,"{""rosca"": ""UNF"", ""material"": ""Latón"", ""recubrimiento"": ""Pavonado"", ""peso_gramos"": 4932}"
SKU00098,9,Adhesivo Possimus,Nam eos cumque minima ipsum expedita labore architecto dolor aut.,47.18,Hilti,"{""rosca"": ""Métrica"", ""material"": ""Aluminio"", ""recubrimiento"": ""Zincado"", ""peso_gramos"": 1487}"
SKU00099,16,Pintura Voluptate,Exercitationem ut magnam sed libero esse at magni occaecati ullam harum expedita.,19.14,Einhell,"{""rosca"": ""UNC"", ""material"": ""Latón"", ""recubrimiento"": ""Sin recubrimiento"", ""peso_gramos"": 4142}"
SKU00100,31,Amoladora Quos,Laudantium reiciendis explicabo delectus earum nemo quis et enim corporis.,64.68,Bosch,"{""rosca"": ""UNF"", ""material"": ""Aluminio"", ""recubrimiento"": ""Sin recubrimiento"", ""peso_gramos"": 4647}"
SKU00101,18,Guante Minima,Eum veritatis magnam atque alias eveniet eius ipsum.,112.36,Hilti,"{""rosca"": ""UNF"", ""material"": ""Aluminio"", ""recubrimiento"": ""Sin recubrimiento"", ""peso_gramos"": 2338}"
SKU00102,4,Adhesivo Ad,Numquam accusantium perspiciatis est vitae accusantium in natus cumque a laboriosam dicta commodi iste molestias.,144.62,DeWalt,"{""rosca"": ""Whitworth"", ""material"": ""Plástico reforzado"", ""recubrimiento"": ""Zincado"", ""peso_gramos"": 4473}"
SKU00103,22,Adhesivo Reiciendis,At nobis nisi voluptas tempora adipisci quae voluptate eos veritatis assumenda nam voluptatibus non placeat saepe.,147.52,Bahco,"{""rosca"": ""UNC"", ""material"": ""Aluminio"", ""recubrimiento"": ""Zincado"", ""peso_gramos"": 2020}"
SKU00104,18,Tornillo Aut,Distinctio dignissimos ipsa esse quo sit labore expedita eaque dolore.,101.68,Einhell,"{""rosca"": ""Trapezoidal"", ""material"": ""Aluminio"", ""recubrimiento"": ""Galvanizado"", ""peso_gramos"": 3557}"
SKU00105,10,Adhesivo Laborum,Quam libero eos quae consequatur rem quam architecto dolorem culpa.,99.74,Bahco,"{""rosca"": ""UNF"", ""material"": ""Latón"", ""recubrimiento"": ""Galvanizado"", ""peso_gramos"": 1950}"
SKU00106,12,Amoladora Nisi,Nemo at animi tempore architecto voluptatem nesciunt.,82.76,DeWalt,"{""rosca"": ""Whitworth"", ""material"": ""Latón"", ""recubrimiento"": ""Sin recubrimiento"", ""peso_gramos"": 2706}"
SKU00107,30,Llave Eveniet,Doloribus est praesentium cumque voluptatibus aspernatur non amet impedit ipsa incidunt.,248.55,Bosch,"{""rosca"": ""Trapezoidal"", ""material"": ""Titanio"", ""recubrimiento"": ""Pavonado"", ""peso_gramos"": 111}"
SKU00108,27,Adhesivo Sapiente,Mollitia placeat reiciendis maxime sit recusandae itaque.,216.96,Facom,"{""rosca"": ""UNF"", ""material"": ""Titanio"", ""recubrimiento"": ""Sin recubrimiento"", ""peso_gramos"": 1041}"
SKU00109,21,Amoladora Vel,Dolor nulla inventore dolore quidem exercitationem sequi iure nulla totam.,190.35,Bahco,"{""rosca"": ""UNF"", ""material"": ""Acero"", ""recubrimiento"": ""Sin recubrimiento"", ""peso_gramos"": 4339}"
SKU00110,23,Amoladora Ut,Eius veritatis temporibus id odit hic harum possimus quasi ratione dignissimos dicta quas sunt.,129.36,Hilti,"{""rosca"": ""UNC"", ""material"": ""Acero"", ""recubrimiento"": ""Galvanizado"", ""peso_gramos"": 1187}"
SKU00111,7,Guante Id,Quasi tempora molestias quidem commodi quisquam eos asperiores debitis.,154.14,Bahco,"{""rosca"": ""Trapezoidal"", ""material"": ""Plástico reforzado"", ""recubrimiento"": ""Galvanizado"", ""peso_gramos"": 4491}"
SKU00112,23,Pintura Quas,Exercitationem similique deleniti reiciendis itaque alias recusandae aperiam nam eveniet at.,187.77,Einhell,"{""rosca"": ""Whitworth"", ""material"": ""Acero"", ""recubrimiento"": ""Sin recubrimiento"", ""peso_gramos"": 835}"
SKU00113,7,Amoladora Ut,Inventore rem commodi ullam molestias quam quos beatae iure labore quisquam dolor.,161.86,Stanley,"{""rosca"": ""Whitworth"", ""material"": ""Aluminio"", ""recubrimiento"": ""Zincado"", ""peso_gramos"": 3044}"
SKU00114,1,Pintura Exercitationem,Mollitia facilis reprehenderit quaerat quod voluptates nobis aspernatur saepe quam.,73.98,Facom,"{""rosca"": ""Whitworth"", ""material"": ""Plástico reforzado"", ""recubrimiento"": ""Galvanizado"", ""peso_gramos"": 3211}"
SKU00115,2,Guante Asperiores,Accusamus consequuntur corrupti ducimus magni sequi minus ullam ad omnis maiores.,240.99,Facom,"{""rosca"": ""UNC"", ""material"": ""Plástico reforzado"", ""recubrimiento"": ""Pavonado"", ""peso_gramos"": 204}"
SKU00116,3,Tornillo Iure,Ratione soluta inventore minima quae optio expedita cumque cumque sunt quia doloremque tenetur fugit nostrum nulla.,184.01,Facom,"{""rosca"": ""UNF"", ""material"": ""Titanio"", ""recubrimiento"": ""Zincado"", ""peso_gramos"": 463}"
SKU00117,17,Adhesivo Laudantium,Ex praesentium fugit corporis fuga aliquam adipisci.,18.95,Facom,"{""rosca"": ""Trapezoidal"", ""material"": ""Titanio"", ""recubrimiento"": ""Pavonado"", ""peso_gramos"": 4834}"
SKU00118,5,Pintura Quos,Dicta libero ab molestias molestias at iure optio sed.,109.01,Bahco,"{""rosca"": ""Trapezoidal"", ""material"": ""Titanio"", ""recubrimiento"": ""Pavonado"", ""peso_gramos"": 4904}"
SKU00119,8,Taladro Asperiores,Deserunt molestias aspernatur molestiae veniam nam est accusantium quae delectus id eligendi.,243.82,Makita,"{""rosca"": ""Whitworth"", ""material"": ""Plástico reforzado"", ""recubrimiento"": ""Pavonado"", ""peso_gramos"": 3245}"
SKU00120,1,Guante Eos,Ipsam tenetur nulla suscipit quibusdam voluptatibus itaque at minus deserunt laboriosam consequuntur sint tenetur.,240.67,Bahco,"{""rosca"": ""Trapezoidal"", ""material"": ""Plástico reforzado"", ""recubrimiento"": ""Sin recubrimiento"", ""peso_gramos"": 3828}"
SKU00121,4,Adhesivo Quo,Aliquid asperiores ipsum quo repellendus atque ducimus nihil accusamus.,62.26,Makita,"{""rosca"": ""Métrica"", ""material"": ""Aluminio"", ""recubrimiento"": ""Pavonado"", ""peso_gramos"": 1066}"
SKU00122,27,Adhesivo Quos,Iusto nemo suscipit expedita eum odio velit blanditiis unde unde nihil cumque.,209.93,DeWalt,"{""rosca"": ""UNF"", ""material"": ""Acero"", ""recubrimiento"": ""Pavonado"", ""peso_gramos"": 294}"
SKU00123,5,Guante Iure,Sit iusto inventore at possimus veritatis fuga est dolores temporibus ducimus amet incidunt perferendis dignissimos aliquid.,178.74,Einhell,"{""rosca"": ""Whitworth"", ""material"": ""Aluminio"", ""recubrimiento"": ""Galvanizado"", ""peso_gramos"": 3283}"
SKU00124,8,Tornillo Assumenda,Voluptatem odio cum quo iure velit vero sit.,11.48,DeWalt,"{""rosca"": ""Métrica"", ""material"": ""Titanio"", ""recubrimiento"": ""Galvanizado"", ""peso_gramos"": 836}"
SKU00125,26,Tornillo Quisquam,Qui reprehenderit ipsa accusantium nesciunt laborum aliquam deleniti.,172.22,Einhell,"{""rosca"": ""UNC"", ""material"": ""Plástico reforzado"", ""recubrimiento"": ""Pavonado"", ""peso_gramos"": 1565}"
SKU00126,2,Adhesivo Sit,Quidem quia qui inventore ad consequuntur nesciunt optio rerum eum hic laborum incidunt nihil saepe.,69.12,Hilti,"{""rosca"": ""Métrica"", ""material"": ""Plástico reforzado"", ""recubrimiento"": ""Sin recubrimiento"", ""peso_gramos"": 1369}"
SKU00127,15,Pintura Incidunt,Vitae quisquam officia vel veniam dolore ut quaerat maiores rerum voluptatibus.,12.72,Hilti,"{""rosca"": ""Trapezoidal"", ""material"": ""Plástico reforzado"", ""recubrimiento"": ""Zincado"", ""peso_gramos"": 4616}"
SKU00128,29,Taladro A,Alias nisi perspiciatis laudantium quos doloribus labore mollitia doloremque expedita numquam nobis beatae.,134.26,Bahco,"{""rosca"": ""Trapezoidal"", ""material"": ""Plástico reforzado"", ""recubrimiento"": ""Galvanizado"", ""peso_gramos"": 2371}"
SKU00129,30,Tornillo Iure,Ad id porro itaque praesentium repellendus maxime facilis.,1.9,DeWalt,"{""rosca"": ""Métrica"", ""material"": ""Titanio"", ""recubrimiento"": ""Sin recubrimiento"", ""peso_gramos"": 910}"
SKU00130,26,Llave Libero,Nulla impedit suscipit eligendi porro natus corrupti neque repudiandae temporibus molestias accusamus totam.,63.2,DeWalt,"{""rosca"": ""Whitworth"", ""material"": ""Latón"", ""recubrimiento"": ""Zincado"", ""peso_gramos"": 4248}"
SKU00131,11,Amoladora Quisquam,Quibusdam quisquam dignissimos autem laudantium voluptate quos.,131.17,Facom,"{""rosca"": ""Trapezoidal"", ""material"": ""Titanio"", ""recubrimiento"": ""Galvanizado"", ""peso_gramos"": 2392}"
SKU00132,26,Guante Totam,Rerum adipisci odit occaecati ullam dicta architecto eveniet quae optio.,35.78,Facom,"{""rosca"": ""Whitworth"", ""material"": ""Aluminio"", ""recubrimiento"": ""Sin recubrimiento"", ""peso_gramos"": 973}"
SKU00133,19,Llave Dolores,Vel itaque quis nisi dignissimos quo quos quos ducimus sequi ad a ea assumenda ipsa.,162.78,Facom,"{""rosca"": ""Métrica"", ""material"": ""Acero"", ""recubrimiento"": ""Zincado"", ""peso_gramos"": 127}"
SKU00134,28,Pintura Quisquam,Inventore a expedita corporis consequatur totam temporibus repudiandae sequi et.,109.1,Facom,"{""rosca"": ""Whitworth"", ""material"": ""Acero"", ""recubrimiento"": ""Sin recubrimiento"", ""peso_gramos"": 4338}"
SKU00135,5,Taladro Et,Voluptatum hic doloremque in rem earum laborum.,213.95,Hilti,"{""rosca"": ""Whitworth"", ""material"": ""Aluminio"", ""recubrimiento"": ""Galvanizado"", ""peso_gramos"": 1689}"
SKU00136,32,Pintura Maiores,Praesentium nostrum est nostrum vel dignissimos quisquam sunt qui ex quisquam pariatur.,74.32,Bahco,"{""rosca"": ""Trapezoidal"", ""material"": ""Latón"", ""recubrimiento"": ""Galvanizado"", ""peso_gramos"": 3934}"
SKU00137,13,Pintura Nisi,Cum ea ipsa libero nemo quaerat cumque placeat laboriosam dignissimos debitis.,160.78,Bosch,"{""rosca"": ""Whitworth"", ""material"": ""Plástico reforzado"", ""recubrimiento"": ""Pavonado"", ""peso_gramos"": 3449}"
SKU00138,20,Pintura At,Sapiente consequatur aperiam commodi consectetur incidunt eveniet eligendi laborum beatae hic quam.,207.44,Facom,"{""rosca"": ""Whitworth"", ""material"": ""Titanio"", ""recubrimiento"": ""Sin recubrimiento"", ""peso_gramos"": 4677}"
SKU00139,17,Pintura Reiciendis,Nisi provident labore est dignissimos suscipit vitae qui aperiam velit error.,80.65,Facom,"{""rosca"": ""Métrica"", ""material"": ""Plástico reforzado"", ""recubrimiento"": ""Pavonado"", ""peso_gramos"": 4403}"
SKU00140,24,Guante Amet,Velit a tempore aliquam repellendus molestias inventore.,62.37,Hilti,"{""rosca"": ""Trapezoidal"", ""material"": ""Acero"", ""recubrimiento"": ""Zincado"", ""peso_gramos"": 483}"
SKU00141,26,Pintura Modi,A consectetur consectetur beatae molestias voluptatibus quos corporis ratione.,17.09,Einhell,"{""rosca"": ""Whitworth"", ""material"": ""Aluminio"", ""recubrimiento"": ""Galvanizado"", ""peso_gramos"": 2971}"
SKU00142,21,Amoladora Incidunt,Quod maiores corrupti dolor quo laborum magni error ex quo aut sapiente assumenda sunt voluptates velit.,164.94,Bahco,"{""rosca"": ""UNF"", ""material"": ""Titanio"", ""recubrimiento"": ""Zincado"", ""peso_gramos"": 4816}"
SKU00143,2,Llave Sequi,Quos architecto quam et perferendis modi eum placeat cum.,49.14,Facom,"{""rosca"": ""Trapezoidal"", ""material"": ""Latón"", ""recubrimiento"": ""Zincado"", ""peso_gramos"": 2409}"
SKU00144,7,Guante Minus,Totam magni autem excepturi architecto ex voluptatibus.,74.98,Einhell,"{""rosca"": ""UNC"", ""material"": ""Titanio"", ""recubrimiento"": ""Pavonado"", ""peso_gramos"": 2039}"
SKU00145,11,Amoladora Saepe,Possimus dolorum aperiam a autem sunt distinctio quis consequatur officiis explicabo optio blanditiis cum.,109.49,Bosch,"{""rosca"": ""Whitworth"", ""material"": ""Titanio"", ""recubrimiento"": ""Galvanizado"", ""peso_gramos"": 1735}"
SKU00146,26,Amoladora Quidem,Similique voluptas magni fugit voluptatum inventore sunt veritatis rerum quod similique.,241.5,Bahco,"{""rosca"": ""Whitworth"", ""material"": ""Aluminio"", ""recubrimiento"": ""Pavonado"", ""peso_gramos"": 1276}"
SKU00147,5,Tornillo Sed,Nemo ullam expedita minima consequuntur possimus vero recusandae porro deserunt.,45.46,Facom,"{""rosca"": ""UNC"", ""material"": ""Plástico reforzado"", ""recubrimiento"": ""Pavonado"", ""peso_gramos"": 2480}"
SKU00148,31,Amoladora Dolores,Commodi assumenda porro consequatur quis ipsam ea ut sunt.,99.22,Hilti,"{""rosca"": ""Métrica"", ""material"": ""Plástico reforzado"", ""recubrimiento"": ""Zincado"", ""peso_gramos"": 4938}"
SKU00149,28,Llave Quo,At voluptas qui excepturi accusantium sint asperiores minus nesciunt distinctio explicabo repellendus veritatis.,86.45,Stanley,"{""rosca"": ""UNF"", ""material"": ""Titanio"", ""recubrimiento"": ""Sin recubrimiento"", ""peso_gramos"": 3219}"
SKU00150,14,Tornillo Beatae,Doloremque fugit sequi reiciendis eaque quas architecto labore impedit nam tempora expedita adipisci.,85.61,Einhell,"{""rosca"": ""Métrica"", ""material"": ""Plástico reforzado"", ""recubrimiento"": ""Pavonado"", ""peso_gramos"": 487}"
SKU00151,11,Amoladora Debitis,Quam possimus quo laborum sint doloremque tempore veritatis labore earum fugit quaerat commodi sunt.,50.49,Facom,"{""rosca"": ""Métrica"", ""material"": ""Latón"", ""recubrimiento"": ""Galvanizado"", ""peso_gramos"": 247}"
SKU00152,18,Taladro Quidem,Labore cupiditate dolor itaque eius aliquam doloribus at at rem nihil placeat facilis nemo.,157.81,Bosch,"{""rosca"": ""Whitworth"", ""material"": ""Titanio"", ""recubrimiento"": ""Pavonado"", ""peso_gramos"": 1949}"
SKU00153,25,Guante Ducimus,Aliquid quidem sit nostrum laborum quis autem eligendi velit quae aut.,213.48,Stanley,"{""rosca"": ""Métrica"", ""material"": ""Latón"", ""recubrimiento"": ""Sin recubrimiento"", ""peso_gramos"": 4656}"
SKU00154,4,Guante Quis,Ducimus velit ratione porro omnis tenetur ipsam odio quisquam sed aliquam.,39.85,Facom,"{""rosca"": ""UNF"", ""material"": ""Plástico reforzado"", ""recubrimiento"": ""Zincado"", ""peso_gramos"": 874}"
SKU00155,10,Taladro Nobis,Exercitationem earum atque cumque nihil ad esse unde vel ea architecto earum.,138.38,Bahco,"{""rosca"": ""UNF"", ""material"": ""Aluminio"", ""recubrimiento"": ""Zincado"", ""peso_gramos"": 332}"
SKU00156,8,Tornillo Ratione,Praesentium deleniti dignissimos sit pariatur saepe repudiandae ad sint velit vero harum.,46.92,DeWalt,"{""rosca"": ""UNC"", ""material"": ""Aluminio"", ""recubrimiento"": ""Zincado"", ""peso_gramos"": 4124}"
SKU00157,5,Taladro Suscipit,Maxime quos laborum aliquam dolores sunt nobis soluta praesentium quo fugit eligendi dolore explicabo.,235.89,Einhell,"{""rosca"": ""UNC"", ""material"": ""Latón"", ""recubrimiento"": ""Sin recubrimiento"", ""peso_gramos"": 3109}"
SKU00158,27,Pintura Modi,Itaque hic vel velit quis quo nobis soluta.,66.19,Hilti,"{""rosca"": ""Whitworth"", ""material"": ""Titanio"", ""recubrimiento"": ""Sin recubrimiento"", ""peso_gramos"": 1072}"
SKU00159,5,Adhesivo Nesciunt,Similique quod nisi non itaque numquam libero corrupti suscipit.,54.23,Makita,"{""rosca"": ""Métrica"", ""material"": ""Plástico reforzado"", ""recubrimiento"": ""Galvanizado"", ""peso_gramos"": 1964}"
SKU00160,31,Pintura Necessitatibus,Voluptates at nam consequatur itaque assumenda officia ad sed nisi cumque consectetur nobis.,213.01,Hilti,"{""rosca"": ""Trapezoidal"", ""material"": ""Aluminio"", ""recubrimiento"": ""Galvanizado"", ""peso_gramos"": 3141}"
SKU00161,29,Amoladora Veritatis,Qui neque nostrum reiciendis esse recusandae magni velit recusandae esse asperiores sunt.,152.47,Stanley,"{""rosca"": ""Métrica"", ""material"": ""Titanio"", ""recubrimiento"": ""Pavonado"", ""peso_gramos"": 3274}"
SKU00162,10,Amoladora Ad,Illum ad assumenda nam earum atque minus reiciendis.,178.5,Makita,"{""rosca"": ""UNF"", ""material"": ""Acero"", ""recubrimiento"": ""Galvanizado"", ""peso_gramos"": 4632}"
SKU00163,6,Taladro Temporibus,Quasi aliquid reiciendis eaque amet molestiae sapiente libero.,130.49,Hilti,"{""rosca"": ""Whitworth"", ""material"": ""Latón"", ""recubrimiento"": ""Zincado"", ""peso_gramos"": 3933}"
SKU00164,20,Taladro Dolor,Ab magni unde impedit nemo ratione nam in velit pariatur.,4.67,Hilti,"{""rosca"": ""UNF"", ""material"": ""Plástico reforzado"", ""recubrimiento"": ""Galvanizado"", ""peso_gramos"": 938}"
SKU00165,6,Guante Aperiam,Quod officiis alias mollitia explicabo non ut officia itaque hic explicabo nihil qui ullam.,115.3,Einhell,"{""rosca"": ""Whitworth"", ""material"": ""Aluminio"", ""recubrimiento"": ""Pavonado"", ""peso_gramos"": 3102}"
SKU00166,27,Guante Id,Tempora totam dolores illum earum accusamus adipisci tenetur placeat quo mollitia dolores.,146.96,Stanley,"{""rosca"": ""UNF"", ""material"": ""Latón"", ""recubrimiento"": ""Pavonado"", ""peso_gramos"": 3466}"
SKU00167,21,Tornillo Corrupti,Quaerat amet hic officiis tempore recusandae voluptatibus velit quas totam reprehenderit saepe ratione accusantium illo.,243.2,Facom,"{""rosca"": ""UNF"", ""material"": ""Acero"", ""recubrimiento"": ""Pavonado"", ""peso_gramos"": 1306}"
SKU00168,26,Amoladora Beatae,Fuga eius occaecati voluptatum corporis voluptates ipsum alias ullam ab culpa iste modi architecto.,228.1,Bahco,"{""rosca"": ""Métrica"", ""material"": ""Plástico reforzado"", ""recubrimiento"": ""Pavonado"", ""peso_gramos"": 536}"
SKU00169,29,Guante Modi,Beatae ad odio sunt nisi magni dolore atque eligendi nemo aperiam fuga eius.,13.16,Stanley,"{""rosca"": ""UNC"", ""material"": ""Titanio"", ""recubrimiento"": ""Galvanizado"", ""peso_gramos"": 3566}"
SKU00170,7,Tornillo Nisi,Tenetur veritatis voluptatum voluptas sint dicta alias in at consequuntur ipsa earum soluta ducimus.,162.52,Bosch,"{""rosca"": ""Trapezoidal"", ""material"": ""Titanio"", ""recubrimiento"": ""Zincado"", ""peso_gramos"": 2504}"
SKU00171,31,Pintura Nam,Aperiam reiciendis neque est ad nostrum iste accusantium placeat in explicabo.,175.57,Hilti,"{""rosca"": ""UNF"", ""material"": ""Plástico reforzado"", ""recubrimiento"": ""Zincado"", ""peso_gramos"": 3761}"
SKU00172,22,Guante Ea,Inventore dicta voluptates in ipsa accusantium laborum.,27.17,Bosch,"{""rosca"": ""UNF"", ""material"": ""Aluminio"", ""recubrimiento"": ""Zincado"", ""peso_gramos"": 4309}"
SKU00173,22,Tornillo At,Eum totam rerum eum provident eligendi quia libero sapiente eaque aliquam.,48.33,Bosch,"{""rosca"": ""Métrica"", ""material"": ""Acero"", ""recubrimiento"": ""Zincado"", ""peso_gramos"": 4176}"
SKU00174,32,Guante Nihil,Alias facilis quam ea deserunt alias officia dicta distinctio ratione labore commodi sunt labore.,141.05,Bosch,"{""rosca"": ""Whitworth"", ""material"": ""Plástico reforzado"", ""recubrimiento"": ""Galvanizado"", ""peso_gramos"": 3325}"
SKU00175,21,Guante Amet,Quidem amet nemo repellendus quam itaque ab.,99.32,Stanley,"{""rosca"": ""UNC"", ""material"": ""Aluminio"", ""recubrimiento"": ""Zincado"", ""peso_gramos"": 2136}"
SKU00176,27,Guante Iste,Corporis accusantium illo perferendis sapiente officiis cupiditate officiis ea neque iste dolorum iusto sint explicabo.,59.68,Bosch,"{""rosca"": ""Whitworth"", ""material"": ""Aluminio"", ""recubrimiento"": ""Galvanizado"", ""peso_gramos"": 4418}"
SKU00177,17,Guante Quisquam,Animi sunt dolor voluptate reiciendis nemo nulla alias voluptas a illo.,81.75,Bahco,"{""rosca"": ""Whitworth"", ""material"": ""Aluminio"", ""recubrimiento"": ""Zincado"", ""peso_gramos"": 3162}"
SKU00178,8,Tornillo Ullam,Veniam eum mollitia dolorum eveniet incidunt autem sapiente iure cum sit at facilis iure omnis.,33.33,Stanley,"{""rosca"": ""UNC"", ""material"": ""Aluminio"", ""recubrimiento"": ""Zincado"", ""peso_gramos"": 3575}"
SKU00179,18,Adhesivo Cum,Magnam beatae optio ad corrupti asperiores error est in aliquid.,206.31,Facom,"{""rosca"": ""Whitworth"", ""material"": ""Latón"", ""recubrimiento"": ""Pavonado"", ""peso_gramos"": 3501}"
SKU00180,30,Llave Laudantium,Hic necessitatibus ratione quis temporibus id doloremque eligendi qui quia quia sapiente sequi necessitatibus tempora.,7.37,Bahco,"{""rosca"": ""Trapezoidal"", ""material"": ""Acero"", ""recubrimiento"": ""Zincado"", ""peso_gramos"": 2725}"
SKU00181,25,Tornillo Omnis,Laboriosam molestiae consectetur vel sit quaerat quod aut dolorum asperiores at quos.,79.55,Makita,"{""rosca"": ""UNF"", ""material"": ""Titanio"", ""recubrimiento"": ""Galvanizado"", ""peso_gramos"": 3923}"
SKU00182,31,Adhesivo Qui,Ad provident adipisci ducimus unde cum explicabo magni repellendus.,134.83,Hilti,"{""rosca"": ""Métrica"", ""material"": ""Acero"", ""recubrimiento"": ""Zincado"", ""peso_gramos"": 1648}"
SKU00183,25,Amoladora Sint,Suscipit error provident sit praesentium corporis veniam illum error quam deserunt alias.,243.82,Bosch,"{""rosca"": ""Whitworth"", ""material"": ""Titanio"", ""recubrimiento"": ""Pavonado"", ""peso_gramos"": 3620}"
SKU00184,3,Taladro Doloribus,Similique debitis iste cumque atque voluptatem magnam excepturi optio odio blanditiis aspernatur.,211.64,Stanley,"{""rosca"": ""Métrica"", ""material"": ""Acero"", ""recubrimiento"": ""Sin recubrimiento"", ""peso_gramos"": 4129}"
SKU00185,1,Tornillo Velit,Dolores enim ab iste tempora quisquam aperiam quas recusandae possimus voluptates.,168.77,Bosch,"{""rosca"": ""Métrica"", ""material"": ""Plástico reforzado"", ""recubrimiento"": ""Zincado"", ""peso_gramos"": 4614}"
SKU00186,9,Pintura Eos,Nihil reiciendis maxime minus voluptates quam provident facere possimus.,131.28,Bosch,"{""rosca"": ""Métrica"", ""material"": ""Plástico reforzado"", ""recubrimiento"": ""Sin recubrimiento"", ""peso_gramos"": 1114}"
SKU00187,30,Amoladora Quasi,Enim accusamus optio fuga quibusdam sunt repudiandae.,75.02,Facom,"{""rosca"": ""Trapezoidal"", ""material"": ""Aluminio"", ""recubrimiento"": ""Zincado"", ""peso_gramos"": 419}"
SKU00188,19,Guante Porro,Vel optio voluptates aliquam reprehenderit hic doloribus sapiente accusamus eum.,68.53,Makita,"{""rosca"": ""Whitworth"", ""material"": ""Aluminio"", ""recubrimiento"": ""Galvanizado"", ""peso_gramos"": 4047}"
SKU00189,22,Tornillo Molestias,Et aperiam eveniet a suscipit veniam nihil aperiam recusandae aperiam.,233.57,DeWalt,"{""rosca"": ""Whitworth"", ""material"": ""Titanio"", ""recubrimiento"": ""Pavonado"", ""peso_gramos"": 3473}"
SKU00190,29,Llave Omnis,Repellendus saepe fugiat aspernatur nulla deleniti beatae aut optio ad sit rem magni reprehenderit.,189.68,Bahco,"{""rosca"": ""UNC"", ""material"": ""Acero"", ""recubrimiento"": ""Galvanizado"", ""peso_gramos"": 2528}"
SKU00191,13,Guante Cum,Id nulla in repellat optio in tempora molestias velit velit ut aspernatur error temporibus temporibus quas.,84.33,Hilti,"{""rosca"": ""Trapezoidal"", ""material"": ""Titanio"", ""recubrimiento"": ""Pavonado"", ""peso_gramos"": 2794}"
SKU00192,30,Adhesivo Facilis,Dolores ducimus eius atque assumenda non alias maiores officia quibusdam quas odio pariatur amet.,15.45,Makita,"{""rosca"": ""Trapezoidal"", ""material"": ""Plástico reforzado"", ""recubrimiento"": ""Pavonado"", ""peso_gramos"": 4244}"
SKU00193,1,Pintura Quam,Labore reprehenderit omnis quaerat nam debitis voluptatibus sequi eum.,242.59,Stanley,"{""rosca"": ""UNF"", ""material"": ""Plástico reforzado"", ""recubrimiento"": ""Pavonado"", ""peso_gramos"": 2337}"
SKU00194,4,Tornillo Sed,Laudantium omnis autem voluptates neque magnam deserunt voluptates dolorem ad.,120.65,Hilti,"{""rosca"": ""UNF"", ""material"": ""Latón"", ""recubrimiento"": ""Sin recubrimiento"", ""peso_gramos"": 3450}"
SKU00195,23,Llave Optio,Nesciunt consectetur esse doloribus nam rem perferendis tempora quisquam beatae quisquam.,190.51,Facom,"{""rosca"": ""Trapezoidal"", ""material"": ""Titanio"", ""recubrimiento"": ""Zincado"", ""peso_gramos"": 4869}"
SKU00196,22,Tornillo Praesentium,Temporibus sed velit quod exercitationem aspernatur rem sint voluptate sed placeat placeat alias nihil dolorem dolor.,191.54,Stanley,"{""rosca"": ""UNC"", ""material"": ""Plástico reforzado"", ""recubrimiento"": ""Zincado"", ""peso_gramos"": 4127}"
SKU00197,22,Guante Exercitationem,Totam quisquam laborum aperiam deleniti maiores natus ipsa nam.,99.55,Hilti,"{""rosca"": ""Métrica"", ""material"": ""Latón"", ""recubrimiento"": ""Pavonado"", ""peso_gramos"": 472}"
SKU00198,13,Tornillo Adipisci,Porro occaecati maxime eveniet porro explicabo maiores facilis dolore repudiandae in.,74.79,Makita,"{""rosca"": ""Whitworth"", ""material"": ""Acero"", ""recubrimiento"": ""Zincado"", ""peso_gramos"": 4310}"
SKU00199,26,Guante Quas,A libero architecto fuga eaque corporis ad voluptates ipsum aut accusantium illum quas porro.,191.84,DeWalt,"{""rosca"": ""UNF"", ""material"": ""Aluminio"", ""recubrimiento"": ""Zincado"", ""peso_gramos"": 2277}"
SKU00200,31,Tornillo Aperiam,Sunt sequi voluptates quae quia ratione accusamus.,80.05,Bosch,"{""rosca"": ""Whitworth"", ""material"": ""Aluminio"", ""recubrimiento"": ""Pavonado"", ""peso_gramos"": 3364}"
