image_id,sku,url,alt_text
10000,SKU00001,https://cdn.pixabay.com/photo/2015/04/20/13/25/paint-731275_1280.jpg,Pintura representativa
10001,SKU00002,https://cdn.pixabay.com/photo/2018/03/11/19/56/silicone-3219462_1280.jpg,Adhesivo representativa
10002,SKU00003,https://cdn.pixabay.com/photo/2020/05/24/15/49/drill-5216722_1280.jpg,Taladro representativa
10003,SKU00004,https://cdn.pixabay.com/photo/2015/04/20/13/25/paint-731275_1280.jpg,Pintura representativa
10004,SKU00005,https://cdn.pixabay.com/photo/2017/09/03/17/04/grinder-2718773_1280.jpg,Amoladora representativa
10005,SKU00006,https://cdn.pixabay.com/photo/2016/04/01/11/31/spanner-1300222_1280.jpg,Llave representativa
10006,SKU00007,https://cdn.pixabay.com/photo/2017/07/17/19/55/screw-2516150_1280.jpg,Tornillo representativa
10007,SKU00008,https://cdn.pixabay.com/photo/2017/09/03/17/04/grinder-2718773_1280.jpg,Amoladora representativa
10008,SKU00009,https://cdn.pixabay.com/photo/2018/03/11/19/56/silicone-3219462_1280.jpg,Adhesivo representativa
10009,SKU00010,https://cdn.pixabay.com/photo/2017/09/03/17/04/grinder-2718773_1280.jpg,Amoladora representativa
10010,SKU00011,https://cdn.pixabay.com/photo/2016/04/01/11/31/spanner-1300222_1280.jpg,Llave representativa
10011,SKU00012,https://cdn.pixabay.com/photo/2016/04/01/11/31/spanner-1300222_1280.jpg,Llave representativa
10012,SKU00013,https://cdn.pixabay.com/photo/2018/03/11/19/56/silicone-3219462_1280.jpg,Adhesivo representativa
10013,SKU00014,https://cdn.pixabay.com/photo/2015/04/20/13/25/paint-731275_1280.jpg,Pintura representativa
10014,SKU00015,https://cdn.pixabay.com/photo/2016/04/01/11/31/spanner-1300222_1280.jpg,Llave representativa
10015,SKU00016,https://cdn.pixabay.com/photo/2017/07/17/19/55/screw-2516150_1280.jpg,Tornillo representativa
10016,SKU00017,https://cdn.pixabay.com/photo/2018/03/11/19/56/silicone-3219462_1280.jpg,Adhesivo representativa
10017,SKU00018,https://cdn.pixabay.com/photo/2016/04/01/11/31/spanner-1300222_1280.jpg,Llave representativa
10018,SKU00019,https://cdn.pixabay.com/photo/2017/09/03/17/04/grinder-2718773_1280.jpg,Amoladora representativa
10019,SKU00020,https://cdn.pixabay.com/photo/2020/06/18/19/08/gloves-5315570_1280.jpg,Guante representativa
10020,SKU00021,https://cdn.pixabay.com/photo/2018/03/11/19/56/silicone-3219462_1280.jpg,Adhesivo representativa
10021,SKU00022,https://cdn.pixabay.com/photo/2018/03/11/19/56/silicone-3219462_1280.jpg,Adhesivo representativa
10022,SKU00023,https://cdn.pixabay.com/photo/2020/06/18/19/08/gloves-5315570_1280.jpg,Guante representativa
10023,SKU00024,https://cdn.pixabay.com/photo/2017/07/17/19/55/screw-2516150_1280.jpg,Tornillo representativa
10024,SKU00025,https://cdn.pixabay.com/photo/2020/06/18/19/08/gloves-5315570_1280.jpg,Guante representativa
10025,SKU00026,https://cdn.pixabay.com/photo/2017/09/03/17/04/grinder-2718773_1280.jpg,Amoladora representativa
10026,SKU00027,https://cdn.pixabay.com/photo/2017/09/03/17/04/grinder-2718773_1280.jpg,Amoladora representativa
10027,SKU00028,https://cdn.pixabay.com/photo/2020/05/24/15/49/drill-5216722_1280.jpg,Taladro representativa
10028,SKU00029,https://cdn.pixabay.com/photo/2020/06/18/19/08/gloves-5315570_1280.jpg,Guante representativa
10029,SKU00030,https://cdn.pixabay.com/photo/2020/05/24/15/49/drill-5216722_1280.jpg,Taladro representativa
10030,SKU00031,https://cdn.pixabay.com/photo/2018/03/11/19/56/silicone-3219462_1280.jpg,Adhesivo representativa
10031,SKU00032,https://cdn.pixabay.com/photo/2017/07/17/19/55/screw-2516150_1280.jpg,Tornillo representativa
10032,SKU00033,https://cdn.pixabay.com/photo/2018/03/11/19/56/silicone-3219462_1280.jpg,Adhesivo representativa
10033,SKU00034,https://cdn.pixabay.com/photo/2015/04/20/13/25/paint-731275_1280.jpg,Pintura representativa
10034,SKU00035,https://cdn.pixabay.com/photo/2016/04/01/11/31/spanner-1300222_1280.jpg,Llave representativa
10035,SKU00036,https://cdn.pixabay.com/photo/2015/04/20/13/25/paint-731275_1280.jpg,Pintura representativa
10036,SKU00037,https://cdn.pixabay.com/photo/2020/05/24/15/49/drill-5216722_1280.jpg,Taladro representativa
10037,SKU00038,https://cdn.pixabay.com/photo/2018/03/11/19/56/silicone-3219462_1280.jpg,Adhesivo representativa
10038,SKU00039,https://cdn.pixabay.com/photo/2016/04/01/11/31/spanner-1300222_1280.jpg,Llave representativa
10039,SKU00040,https://cdn.pixabay.com/photo/2020/06/18/19/08/gloves-5315570_1280.jpg,Guante representativa
10040,SKU00041,https://cdn.pixabay.com/photo/2018/03/11/19/56/silicone-3219462_1280.jpg,Adhesivo representativa
10041,SKU00042,https://cdn.pixabay.com/photo/2017/09/03/17/04/grinder-2718773_1280.jpg,Amoladora representativa
10042,SKU00043,https://cdn.pixabay.com/photo/2020/05/24/15/49/drill-5216722_1280.jpg,Taladro representativa
10043,SKU00044,https://cdn.pixabay.com/photo/2015/04/20/13/25/paint-731275_1280.jpg,Pintura representativa
10044,SKU00045,https://cdn.pixabay.com/photo/2020/05/24/15/49/drill-5216722_1280.jpg,Taladro representativa
10045,SKU00046,https://cdn.pixabay.com/photo/2018/03/11/19/56/silicone-3219462_1280.jpg,Adhesivo representativa
10046,SKU00047,https://cdn.pixabay.com/photo/2017/09/03/17/04/grinder-2718773_1280.jpg,Amoladora representativa
10047,SKU00048,https://cdn.pixabay.com/photo/2018/03/11/19/56/silicone-3219462_1280.jpg,Adhesivo representativa
10048,SKU00049,https://cdn.pixabay.com/photo/2017/07/17/19/55/screw-2516150_1280.jpg,Tornillo representativa
10049,SKU00050,https://cdn.pixabay.com/photo/2018/03/11/19/56/silicone-3219462_1280.jpg,Adhesivo representativa
10050,SKU00051,https://cdn.pixabay.com/photo/2016/04/01/11/31/spanner-1300222_1280.jpg,Llave representativa
10051,SKU00052,https://cdn.pixabay.com/photo/2016/04/01/11/31/spanner-1300222_1280.jpg,Llave representativa
10052,SKU00053,https://cdn.pixabay.com/photo/2017/09/03/17/04/grinder-2718773_1280.jpg,Amoladora representativa
10053,SKU00054,https://cdn.pixabay.com/photo/2020/06/18/19/08/gloves-5315570_1280.jpg,Guante representativa
10054,SKU00055,https://cdn.pixabay.com/photo/2020/05/24/15/49/drill-5216722_1280.jpg,Taladro representativa
10055,SKU00056,https://cdn.pixabay.com/photo/2018/03/11/19/56/silicone-3219462_1280.jpg,Adhesivo representativa
10056,SKU00057,https://cdn.pixabay.com/photo/2017/07/17/19/55/screw-2516150_1280.jpg,Tornillo representativa
10057,SKU00058,https://cdn.pixabay.com/photo/2017/09/03/17/04/grinder-2718773_1280.jpg,Amoladora representativa
10058,SKU00059,https://cdn.pixabay.com/photo/2017/07/17/19/55/screw-2516150_1280.jpg,Tornillo representativa
10059,SKU00060,https://cdn.pixabay.com/photo/2017/09/03/17/04/grinder-2718773_1280.jpg,Amoladora representativa
10060,SKU00061,https://cdn.pixabay.com/photo/2020/06/18/19/08/gloves-5315570_1280.jpg,Guante representativa
10061,SKU00062,https://cdn.pixabay.com/photo/2016/04/01/11/31/spanner-1300222_1280.jpg,Llave representativa
10062,SKU00063,https://cdn.pixabay.com/photo/2015/04/20/13/25/paint-731275_1280.jpg,Pintura representativa
10063,SKU00064,https://cdn.pixabay.com/photo/2017/07/17/19/55/screw-2516150_1280.jpg,Tornillo representativa
10064,SKU00065,https://cdn.pixabay.com/photo/2016/04/01/11/31/spanner-1300222_1280.jpg,Llave representativa
10065,SKU00066,https://cdn.pixabay.com/photo/2015/04/20/13/25/paint-731275_1280.jpg,Pintura representativa
10066,SKU00067,https://cdn.pixabay.com/photo/2016/04/01/11/31/spanner-1300222_1280.jpg,Llave representativa
10067,SKU00068,https://cdn.pixabay.com/photo/2020/06/18/19/08/gloves-5315570_1280.jpg,Guante representativa
10068,SKU00069,https://cdn.pixabay.com/photo/2016/04/01/11/31/spanner-1300222_1280.jpg,Llave representativa
10069,SKU00070,https://cdn.pixabay.com/photo/2020/05/24/15/49/drill-5216722_1280.jpg,Taladro representativa
10070,SKU00071,https://cdn.pixabay.com/photo/2018/03/11/19/56/silicone-3219462_1280.jpg,Adhesivo representativa
10071,SKU00072,https://cdn.pixabay.com/photo/2015/04/20/13/25/paint-731275_1280.jpg,Pintura representativa
10072,SKU00073,https://cdn.pixabay.com/photo/2020/05/24/15/49/drill-5216722_1280.jpg,Taladro representativa
10073,SKU00074,https://cdn.pixabay.com/photo/2017/09/03/17/04/grinder-2718773_1280.jpg,Amoladora representativa
10074,SKU00075,https://cdn.pixabay.com/photo/2016/04/01/11/31/spanner-1300222_1280.jpg,Llave representativa
10075,SKU00076,https://cdn.pixabay.com/photo/2017/09/03/17/04/grinder-2718773_1280.jpg,Amoladora representativa
10076,SKU00077,https://cdn.pixabay.com/photo/2020/05/24/15/49/drill-5216722_1280.jpg,Taladro representativa
10077,SKU00078,https://cdn.pixabay.com/photo/2017/09/03/17/04/grinder-2718773_1280.jpg,Amoladora representativa
10078,SKU00079,https://cdn.pixabay.com/photo/2020/05/24/15/49/drill-5216722_1280.jpg,Taladro representativa
10079,SKU00080,https://cdn.pixabay.com/photo/2018/03/11/19/56/silicone-3219462_1280.jpg,Adhesivo representativa
10080,SKU00081,https://cdn.pixabay.com/photo/2020/06/18/19/08/gloves-5315570_1280.jpg,Guante representativa
10081,SKU00082,https://cdn.pixabay.com/photo/2018/03/11/19/56/silicone-3219462_1280.jpg,Adhesivo representativa
10082,SKU00083,https://cdn.pixabay.com/photo/2020/05/24/15/49/drill-5216722_1280.jpg,Taladro representativa
10083,SKU00084,https://cdn.pixabay.com/photo/2020/05/24/15/49/drill-5216722_1280.jpg,Taladro representativa
10084,SKU00085,https://cdn.pixabay.com/photo/2020/06/18/19/08/gloves-5315570_1280.jpg,Guante representativa
10085,SKU00086,https://cdn.pixabay.com/photo/2017/07/17/19/55/screw-2516150_1280.jpg,Tornillo representativa
10086,SKU00087,https://cdn.pixabay.com/photo/2018/03/11/19/56/silicone-3219462_1280.jpg,Adhesivo representativa
10087,SKU00088,https://cdn.pixabay.com/photo/2016/04/01/11/31/spanner-1300222_1280.jpg,Llave representativa
10088,SKU00089,https://cdn.pixabay.com/photo/2016/04/01/11/31/spanner-1300222_1280.jpg,Llave representativa
10089,SKU00090,https://cdn.pixabay.com/photo/2018/03/11/19/56/silicone-3219462_1280.jpg,Adhesivo representativa
10090,SKU00091,https://cdn.pixabay.com/photo/2020/05/24/15/49/drill-5216722_1280.jpg,Taladro representativa
10091,SKU00092,https://cdn.pixabay.com/photo/2016/04/01/11/31/spanner-1300222_1280.jpg,Llave representativa
10092,SKU00093,https://cdn.pixabay.com/photo/2015/04/20/13/25/paint-731275_1280.jpg,Pintura representativa
10093,SKU00094,https://cdn.pixabay.com/photo/2020/06/18/19/08/gloves-5315570_1280.jpg,Guante representativa
10094,SKU00095,https://cdn.pixabay.com/photo/2017/07/17/19/55/screw-2516150_1280.jpg,Tornillo representativa
10095,SKU00096,https://cdn.pixabay.com/photo/2020/06/18/19/08/gloves-5315570_1280.jpg,Guante representativa
10096,SKU00097,https://cdn.pixabay.com/photo/2017/07/17/19/55/screw-2516150_1280.jpg,Tornillo representativa
10097,SKU00098,https://cdn.pixabay.com/photo/2018/03/11/19/56/silicone-3219462_1280.jpg,Adhesivo representativa
10098,SKU00099,https://cdn.pixabay.com/photo/2015/04/20/13/25/paint-731275_1280.jpg,Pintura representativa
10099,SKU00100,https://cdn.pixabay.com/photo/2017/09/03/17/04/grinder-2718773_1280.jpg,Amoladora representativa
10100,SKU00101,https://cdn.pixabay.com/photo/2020/06/18/19/08/gloves-5315570_1280.jpg,Guante representativa
10101,SKU00102,https://cdn.pixabay.com/photo/2018/03/11/19/56/silicone-3219462_1280.jpg,Adhesivo representativa
10102,SKU00103,https://cdn.pixabay.com/photo/2018/03/11/19/56/silicone-3219462_1280.jpg,Adhesivo representativa
10103,SKU00104,https://cdn.pixabay.com/photo/2017/07/17/19/55/screw-2516150_1280.jpg,Tornillo representativa
10104,SKU00105,https://cdn.pixabay.com/photo/2018/03/11/19/56/silicone-3219462_1280.jpg,Adhesivo representativa
10105,SKU00106,https://cdn.pixabay.com/photo/2017/09/03/17/04/grinder-2718773_1280.jpg,Amoladora representativa
10106,SKU00107,https://cdn.pixabay.com/photo/2016/04/01/11/31/spanner-1300222_1280.jpg,Llave representativa
10107,SKU00108,https://cdn.pixabay.com/photo/2018/03/11/19/56/silicone-3219462_1280.jpg,Adhesivo representativa
10108,SKU00109,https://cdn.pixabay.com/photo/2017/09/03/17/04/grinder-2718773_1280.jpg,Amoladora representativa
10109,SKU00110,https://cdn.pixabay.com/photo/2017/09/03/17/04/grinder-2718773_1280.jpg,Amoladora representativa
10110,SKU00111,https://cdn.pixabay.com/photo/2020/06/18/19/08/gloves-5315570_1280.jpg,Guante representativa
10111,SKU00112,https://cdn.pixabay.com/photo/2015/04/20/13/25/paint-731275_1280.jpg,Pintura representativa
10112,SKU00113,https://cdn.pixabay.com/photo/2017/09/03/17/04/grinder-2718773_1280.jpg,Amoladora representativa
10113,SKU00114,https://cdn.pixabay.com/photo/2015/04/20/13/25/paint-731275_1280.jpg,Pintura representativa
10114,SKU00115,https://cdn.pixabay.com/photo/2020/06/18/19/08/gloves-5315570_1280.jpg,Guante representativa
10115,SKU00116,https://cdn.pixabay.com/photo/2017/07/17/19/55/screw-2516150_1280.jpg,Tornillo representativa
10116,SKU00117,https://cdn.pixabay.com/photo/2018/03/11/19/56/silicone-3219462_1280.jpg,Adhesivo representativa
10117,SKU00118,https://cdn.pixabay.com/photo/2015/04/20/13/25/paint-731275_1280.jpg,Pintura representativa
10118,SKU00119,https://cdn.pixabay.com/photo/2020/05/24/15/49/drill-5216722_1280.jpg,Taladro representativa
10119,SKU00120,https://cdn.pixabay.com/photo/2020/06/18/19/08/gloves-5315570_1280.jpg,Guante representativa
10120,SKU00121,https://cdn.pixabay.com/photo/2018/03/11/19/56/silicone-3219462_1280.jpg,Adhesivo representativa
10121,SKU00122,https://cdn.pixabay.com/photo/2018/03/11/19/56/silicone-3219462_1280.jpg,Adhesivo representativa
10122,SKU00123,https://cdn.pixabay.com/photo/2020/06/18/19/08/gloves-5315570_1280.jpg,Guante representativa
10123,SKU00124,https://cdn.pixabay.com/photo/2017/07/17/19/55/screw-2516150_1280.jpg,Tornillo representativa
10124,SKU00125,https://cdn.pixabay.com/photo/2017/07/17/19/55/screw-2516150_1280.jpg,Tornillo representativa
10125,SKU00126,https://cdn.pixabay.com/photo/2018/03/11/19/56/silicone-3219462_1280.jpg,Adhesivo representativa
10126,SKU00127,https://cdn.pixabay.com/photo/2015/04/20/13/25/paint-731275_1280.jpg,Pintura representativa
10127,SKU00128,https://cdn.pixabay.com/photo/2020/05/24/15/49/drill-5216722_1280.jpg,Taladro representativa
10128,SKU00129,https://cdn.pixabay.com/photo/2017/07/17/19/55/screw-2516150_1280.jpg,Tornillo representativa
10129,SKU00130,https://cdn.pixabay.com/photo/2016/04/01/11/31/spanner-1300222_1280.jpg,Llave representativa
10130,SKU00131,https://cdn.pixabay.com/photo/2017/09/03/17/04/grinder-2718773_1280.jpg,Amoladora representativa
10131,SKU00132,https://cdn.pixabay.com/photo/2020/06/18/19/08/gloves-5315570_1280.jpg,Guante representativa
10132,SKU00133,https://cdn.pixabay.com/photo/2016/04/01/11/31/spanner-1300222_1280.jpg,Llave representativa
10133,SKU00134,https://cdn.pixabay.com/photo/2015/04/20/13/25/paint-731275_1280.jpg,Pintura representativa
10134,SKU00135,https://cdn.pixabay.com/photo/2020/05/24/15/49/drill-5216722_1280.jpg,Taladro representativa
10135,SKU00136,https://cdn.pixabay.com/photo/2015/04/20/13/25/paint-731275_1280.jpg,Pintura representativa
10136,SKU00137,https://cdn.pixabay.com/photo/2015/04/20/13/25/paint-731275_1280.jpg,Pintura representativa
10137,SKU00138,https://cdn.pixabay.com/photo/2015/04/20/13/25/paint-731275_1280.jpg,Pintura representativa
10138,SKU00139,https://cdn.pixabay.com/photo/2015/04/20/13/25/paint-731275_1280.jpg,Pintura representativa
10139,SKU00140,https://cdn.pixabay.com/photo/2020/06/18/19/08/gloves-5315570_1280.jpg,Guante representativa
10140,SKU00141,https://cdn.pixabay.com/photo/2015/04/20/13/25/paint-731275_1280.jpg,Pintura representativa
10141,SKU00142,https://cdn.pixabay.com/photo/2017/09/03/17/04/grinder-2718773_1280.jpg,Amoladora representativa
10142,SKU00143,https://cdn.pixabay.com/photo/2016/04/01/11/31/spanner-1300222_1280.jpg,Llave representativa
10143,SKU00144,https://cdn.pixabay.com/photo/2020/06/18/19/08/gloves-5315570_1280.jpg,Guante representativa
10144,SKU00145,https://cdn.pixabay.com/photo/2017/09/03/17/04/grinder-2718773_1280.jpg,Amoladora representativa
10145,SKU00146,https://cdn.pixabay.com/photo/2017/09/03/17/04/grinder-2718773_1280.jpg,Amoladora representativa
10146,SKU00147,https://cdn.pixabay.com/photo/2017/07/17/19/55/screw-2516150_1280.jpg,Tornillo representativa
10147,SKU00148,https://cdn.pixabay.com/photo/2017/09/03/17/04/grinder-2718773_1280.jpg,Amoladora representativa
10148,SKU00149,https://cdn.pixabay.com/photo/2016/04/01/11/31/spanner-1300222_1280.jpg,Llave representativa
10149,SKU00150,https://cdn.pixabay.com/photo/2017/07/17/19/55/screw-2516150_1280.jpg,Tornillo representativa
10150,SKU00151,https://cdn.pixabay.com/photo/2017/09/03/17/04/grinder-2718773_1280.jpg,Amoladora representativa
10151,SKU00152,https://cdn.pixabay.com/photo/2020/05/24/15/49/drill-5216722_1280.jpg,Taladro representativa
10152,SKU00153,https://cdn.pixabay.com/photo/2020/06/18/19/08/gloves-5315570_1280.jpg,Guante representativa
10153,SKU00154,https://cdn.pixabay.com/photo/2020/06/18/19/08/gloves-5315570_1280.jpg,Guante representativa
10154,SKU00155,https://cdn.pixabay.com/photo/2020/05/24/15/49/drill-5216722_1280.jpg,Taladro representativa
10155,SKU00156,https://cdn.pixabay.com/photo/2017/07/17/19/55/screw-2516150_1280.jpg,Tornillo representativa
10156,SKU00157,https://cdn.pixabay.com/photo/2020/05/24/15/49/drill-5216722_1280.jpg,Taladro representativa
10157,SKU00158,https://cdn.pixabay.com/photo/2015/04/20/13/25/paint-731275_1280.jpg,Pintura representativa
10158,SKU00159,https://cdn.pixabay.com/photo/2018/03/11/19/56/silicone-3219462_1280.jpg,Adhesivo representativa
10159,SKU00160,https://cdn.pixabay.com/photo/2015/04/20/13/25/paint-731275_1280.jpg,Pintura representativa
10160,SKU00161,https://cdn.pixabay.com/photo/2017/09/03/17/04/grinder-2718773_1280.jpg,Amoladora representativa
10161,SKU00162,https://cdn.pixabay.com/photo/2017/09/03/17/04/grinder-2718773_1280.jpg,Amoladora representativa
10162,SKU00163,https://cdn.pixabay.com/photo/2020/05/24/15/49/drill-5216722_1280.jpg,Taladro representativa
10163,SKU00164,https://cdn.pixabay.com/photo/2020/05/24/15/49/drill-5216722_1280.jpg,Taladro representativa
10164,SKU00165,https://cdn.pixabay.com/photo/2020/06/18/19/08/gloves-5315570_1280.jpg,Guante representativa
10165,SKU00166,https://cdn.pixabay.com/photo/2020/06/18/19/08/gloves-5315570_1280.jpg,Guante representativa
10166,SKU00167,https://cdn.pixabay.com/photo/2017/07/17/19/55/screw-2516150_1280.jpg,Tornillo representativa
10167,SKU00168,https://cdn.pixabay.com/photo/2017/09/03/17/04/grinder-2718773_1280.jpg,Amoladora representativa
10168,SKU00169,https://cdn.pixabay.com/photo/2020/06/18/19/08/gloves-5315570_1280.jpg,Guante representativa
10169,SKU00170,https://cdn.pixabay.com/photo/2017/07/17/19/55/screw-2516150_1280.jpg,Tornillo representativa
10170,SKU00171,https://cdn.pixabay.com/photo/2015/04/20/13/25/paint-731275_1280.jpg,Pintura representativa
10171,SKU00172,https://cdn.pixabay.com/photo/2020/06/18/19/08/gloves-5315570_1280.jpg,Guante representativa
10172,SKU00173,https://cdn.pixabay.com/photo/2017/07/17/19/55/screw-2516150_1280.jpg,Tornillo representativa
10173,SKU00174,https://cdn.pixabay.com/photo/2020/06/18/19/08/gloves-5315570_1280.jpg,Guante representativa
10174,SKU00175,https://cdn.pixabay.com/photo/2020/06/18/19/08/gloves-5315570_1280.jpg,Guante representativa
10175,SKU00176,https://cdn.pixabay.com/photo/2020/06/18/19/08/gloves-5315570_1280.jpg,Guante representativa
10176,SKU00177,https://cdn.pixabay.com/photo/2020/06/18/19/08/gloves-5315570_1280.jpg,Guante representativa
10177,SKU00178,https://cdn.pixabay.com/photo/2017/07/17/19/55/screw-2516150_1280.jpg,Tornillo representativa
10178,SKU00179,https://cdn.pixabay.com/photo/2018/03/11/19/56/silicone-3219462_1280.jpg,Adhesivo representativa
10179,SKU00180,https://cdn.pixabay.com/photo/2016/04/01/11/31/spanner-1300222_1280.jpg,Llave representativa
10180,SKU00181,https://cdn.pixabay.com/photo/2017/07/17/19/55/screw-2516150_1280.jpg,Tornillo representativa
10181,SKU00182,https://cdn.pixabay.com/photo/2018/03/11/19/56/silicone-3219462_1280.jpg,Adhesivo representativa
10182,SKU00183,https://cdn.pixabay.com/photo/2017/09/03/17/04/grinder-2718773_1280.jpg,Amoladora representativa
10183,SKU00184,https://cdn.pixabay.com/photo/2020/05/24/15/49/drill-5216722_1280.jpg,Taladro representativa
10184,SKU00185,https://cdn.pixabay.com/photo/2017/07/17/19/55/screw-2516150_1280.jpg,Tornillo representativa
10185,SKU00186,https://cdn.pixabay.com/photo/2015/04/20/13/25/paint-731275_1280.jpg,Pintura representativa
10186,SKU00187,https://cdn.pixabay.com/photo/2017/09/03/17/04/grinder-2718773_1280.jpg,Amoladora representativa
10187,SKU00188,https://cdn.pixabay.com/photo/2020/06/18/19/08/gloves-5315570_1280.jpg,Guante representativa
10188,SKU00189,https://cdn.pixabay.com/photo/2017/07/17/19/55/screw-2516150_1280.jpg,Tornillo representativa
10189,SKU00190,https://cdn.pixabay.com/photo/2016/04/01/11/31/spanner-1300222_1280.jpg,Llave representativa
10190,SKU00191,https://cdn.pixabay.com/photo/2020/06/18/19/08/gloves-5315570_1280.jpg,Guante representativa
10191,SKU00192,https://cdn.pixabay.com/photo/2018/03/11/19/56/silicone-3219462_1280.jpg,Adhesivo representativa
10192,SKU00193,https://cdn.pixabay.com/photo/2015/04/20/13/25/paint-731275_1280.jpg,Pintura representativa
10193,SKU00194,https://cdn.pixabay.com/photo/2017/07/17/19/55/screw-2516150_1280.jpg,Tornillo representativa
10194,SKU00195,https://cdn.pixabay.com/photo/2016/04/01/11/31/spanner-1300222_1280.jpg,Llave representativa
10195,SKU00196,https://cdn.pixabay.com/photo/2017/07/17/19/55/screw-2516150_1280.jpg,Tornillo representativa
10196,SKU00197,https://cdn.pixabay.com/photo/2020/06/18/19/08/gloves-5315570_1280.jpg,Guante representativa
10197,SKU00198,https://cdn.pixabay.com/photo/2017/07/17/19/55/screw-2516150_1280.jpg,Tornillo representativa
10198,SKU00199,https://cdn.pixabay.com/photo/2020/06/18/19/08/gloves-5315570_1280.jpg,Guante representativa
10199,SKU00200,https://cdn.pixabay.com/photo/2017/07/17/19/55/screw-2516150_1280.jpg,Tornillo representativa
